{"stats":{"minecraft:dropped":{"minecraft:lava_bucket":1,"minecraft:diamond_horse_armor":7,"minecraft:iron_ingot":23,"minecraft:warped_stem":64,"minecraft:stone":70,"minecraft:ancient_debris":3,"minecraft:golden_chestplate":6,"minecraft:nether_wart":14,"minecraft:coal_ore":4,"minecraft:lodestone":1,"minecraft:diamond":7,"minecraft:golden_horse_armor":6,"minecraft:glowstone":1,"minecraft:obsidian":13,"minecraft:blaze_spawn_egg":1,"minecraft:chest":2,"minecraft:end_portal_frame":2,"minecraft:fire_charge":1,"minecraft:crimson_sign":1,"minecraft:golden_sword":10,"minecraft:cobblestone":1,"minecraft:gold_nugget":9,"minecraft:spectral_arrow":8,"minecraft:end_stone":65,"minecraft:warped_hyphae":64,"minecraft:iron_horse_armor":4,"minecraft:ender_eye":2,"minecraft:saddle":7,"minecraft:nether_bricks":3,"minecraft:grass_block":3,"minecraft:enderman_spawn_egg":1,"minecraft:netherrack":6,"minecraft:acacia_button":1,"minecraft:flint_and_steel":11,"minecraft:gold_ingot":48},"minecraft:used":{"minecraft:enderman_spawn_egg":1,"minecraft:ender_eye":30,"minecraft:warped_stem":6,"minecraft:lava_bucket":1,"minecraft:coal_ore":34,"minecraft:command_block":1,"minecraft:warped_hyphae":6,"minecraft:grass_block":139,"minecraft:polished_blackstone":12,"minecraft:oak_sign":2,"minecraft:warped_nylium":23,"minecraft:chest":4,"minecraft:soul_campfire":1,"minecraft:stone":990,"minecraft:nether_wart":3,"minecraft:diamond_ore":2,"minecraft:magma_cube_spawn_egg":4,"minecraft:blaze_spawn_egg":1,"minecraft:polished_blackstone_bricks":150,"minecraft:bedrock":3,"minecraft:netherrack":250,"minecraft:fire_charge":21,"minecraft:cobblestone":14,"minecraft:glowstone":7,"minecraft:soul_sand":3,"minecraft:ancient_debris":12,"minecraft:dirt":135,"minecraft:oak_sapling":1,"minecraft:nether_bricks":122,"minecraft:polished_blackstone_button":2,"minecraft:end_portal_frame":37,"minecraft:infested_cobblestone":1,"minecraft:oak_wood":3,"minecraft:zombified_piglin_spawn_egg":2,"minecraft:end_stone":84,"minecraft:nether_brick_stairs":2,"minecraft:bone_meal":3,"minecraft:obsidian":14},"minecraft:killed":{"minecraft:magma_cube":2},"minecraft:custom":{"minecraft:time_since_rest":2048,"minecraft:sprint_one_cm":69465,"minecraft:damage_taken":240,"minecraft:walk_one_cm":128359,"minecraft:mob_kills":2,"minecraft:drop":134,"minecraft:damage_dealt":29,"minecraft:fly_one_cm":783752,"minecraft:open_chest":34,"minecraft:play_one_minute":247397,"minecraft:crouch_one_cm":23107,"minecraft:deaths":2,"minecraft:sneak_time":8754,"minecraft:jump":460,"minecraft:leave_game":17,"minecraft:time_since_death":2047},"minecraft:picked_up":{"minecraft:golden_sword":3,"minecraft:golden_chestplate":3,"minecraft:flint_and_steel":1,"minecraft:coal_ore":1,"minecraft:gold_ingot":7}},"DataVersion":2567}