{"stats":{"minecraft:dropped":{"minecraft:written_book":1},"minecraft:crafted":{"minecraft:written_book":1},"minecraft:picked_up":{"minecraft:chicken":1,"minecraft:cobblestone":32,"minecraft:egg":2},"minecraft:killed":{"minecraft:chicken":1},"minecraft:used":{"minecraft:written_book":3,"minecraft:egg":2},"minecraft:custom":{"minecraft:time_since_rest":3829,"minecraft:play_one_minute":5881,"minecraft:crouch_one_cm":54,"minecraft:sprint_one_cm":7610,"minecraft:deaths":3,"minecraft:damage_taken":740,"minecraft:walk_one_cm":13699,"minecraft:sneak_time":27,"minecraft:mob_kills":1,"minecraft:drop":1,"minecraft:jump":57,"minecraft:damage_dealt":115,"minecraft:leave_game":3,"minecraft:walk_on_water_one_cm":111,"minecraft:time_since_death":3782,"minecraft:traded_with_villager":1,"minecraft:climb_one_cm":83,"minecraft:talked_to_villager":3,"minecraft:fall_one_cm":627,"minecraft:fly_one_cm":6855}},"DataVersion":2567}