{"stats":{"minecraft:picked_up":{"minecraft:repeater":47,"minecraft:leather":2,"minecraft:lead":1,"minecraft:ice":1,"minecraft:wooden_sword":1,"minecraft:comparator":2,"minecraft:beef":3,"minecraft:redstone_torch":2,"minecraft:written_book":20,"minecraft:iron_pickaxe":1,"minecraft:egg":13,"minecraft:stone":1,"minecraft:torch":5,"minecraft:gravel":1,"minecraft:lava_bucket":1,"minecraft:stone_button":2,"minecraft:soul_torch":10,"minecraft:grass_block":1,"minecraft:redstone":7,"minecraft:oak_button":2,"minecraft:cobblestone":67},"minecraft:crafted":{"minecraft:leather_leggings":2,"minecraft:leather_boots":1,"minecraft:leather_helmet":1,"minecraft:air":0,"minecraft:written_book":4,"minecraft:leather_chestplate":1},"minecraft:custom":{"minecraft:interact_with_anvil":2,"minecraft:mob_kills":1,"minecraft:traded_with_villager":4,"minecraft:interact_with_crafting_table":3,"minecraft:play_one_minute":937189,"minecraft:leave_game":32,"minecraft:time_since_death":1125,"minecraft:climb_one_cm":2326,"minecraft:time_since_rest":1176,"minecraft:sprint_one_cm":359100,"minecraft:damage_taken":480,"minecraft:walk_one_cm":320333,"minecraft:drop":103,"minecraft:damage_dealt":317,"minecraft:talked_to_villager":24,"minecraft:fly_one_cm":4812389,"minecraft:open_chest":16,"minecraft:crouch_one_cm":53211,"minecraft:deaths":2,"minecraft:sneak_time":32095,"minecraft:jump":3798,"minecraft:walk_on_water_one_cm":2098},"minecraft:used":{"minecraft:oak_fence":50,"minecraft:emerald_ore":3,"minecraft:water_bucket":1,"minecraft:netherite_sword":2,"minecraft:writable_book":1,"minecraft:cow_spawn_egg":2,"minecraft:iron_ore":1,"minecraft:armor_stand":10,"minecraft:redstone":92,"minecraft:oak_planks":19,"minecraft:oak_sign":2,"minecraft:chest":2,"minecraft:stone":963,"minecraft:cauldron":1,"minecraft:gold_ore":5,"minecraft:netherrack":3,"minecraft:oak_leaves":38,"minecraft:torch":17,"minecraft:anvil":1,"minecraft:diamond_block":32,"minecraft:dirt":23,"minecraft:warped_wart_block":20,"minecraft:ancient_debris":9,"minecraft:comparator":5,"minecraft:oak_slab":107,"minecraft:crafting_table":2,"minecraft:nether_bricks":105,"minecraft:redstone_torch":46,"minecraft:glass":20,"minecraft:lava_bucket":60,"minecraft:coal_ore":3,"minecraft:command_block":30,"minecraft:iron_block":19,"minecraft:grass_block":460,"minecraft:oak_button":7,"minecraft:barrier":2,"minecraft:stone_button":3,"minecraft:stone_slab":3,"minecraft:diamond_ore":11,"minecraft:gravel":2,"minecraft:crimson_nylium":15,"minecraft:bedrock":50,"minecraft:basalt":1,"minecraft:glowstone":74,"minecraft:coal_block":53,"minecraft:repeater":83,"minecraft:bow":15,"minecraft:written_book":66,"minecraft:white_stained_glass":4,"minecraft:lapis_block":123,"minecraft:gold_block":24,"minecraft:egg":7,"minecraft:repeating_command_block":7,"minecraft:soul_torch":34},"minecraft:dropped":{"minecraft:water_bucket":1,"minecraft:gravel":2,"minecraft:player_head":1,"minecraft:coarse_dirt":1,"minecraft:netherite_sword":2,"minecraft:tall_grass":1,"minecraft:oak_fence":1,"minecraft:lead":1,"minecraft:oak_planks":1,"minecraft:leather":2,"minecraft:command_block":3,"minecraft:chicken_spawn_egg":1,"minecraft:nether_bricks":4,"minecraft:grass_block":33,"minecraft:leather_helmet":1,"minecraft:lava_bucket":1,"minecraft:stone":19,"minecraft:oak_button":2,"minecraft:wooden_axe":1,"minecraft:leather_boots":1,"minecraft:leather_leggings":1,"minecraft:cow_spawn_egg":1,"minecraft:beef":3,"minecraft:iron_pickaxe":1,"minecraft:white_stained_glass":1,"minecraft:written_book":23,"minecraft:oak_leaves":3,"minecraft:cauldron":1,"minecraft:redstone":1,"minecraft:egg":7}},"DataVersion":2567}