{"stats":{"minecraft:dropped":{"minecraft:written_book":1},"minecraft:picked_up":{"minecraft:cobblestone":32},"minecraft:custom":{"minecraft:jump":34,"minecraft:time_since_rest":969,"minecraft:leave_game":1,"minecraft:damage_dealt":10,"minecraft:play_one_minute":3021,"minecraft:sprint_one_cm":4318,"minecraft:walk_one_cm":6385,"minecraft:damage_taken":740,"minecraft:time_since_death":922,"minecraft:deaths":3,"minecraft:traded_with_villager":1,"minecraft:drop":1,"minecraft:talked_to_villager":1,"minecraft:fall_one_cm":418,"minecraft:fly_one_cm":4547},"minecraft:crafted":{"minecraft:written_book":1},"minecraft:used":{"minecraft:written_book":3}},"DataVersion":2567}