{"stats":{"minecraft:dropped":{"minecraft:water_bucket":1,"minecraft:gravel":2,"minecraft:player_head":1,"minecraft:netherite_sword":2,"minecraft:oak_fence":1,"minecraft:tall_grass":1,"minecraft:lead":1,"minecraft:leather":2,"minecraft:command_block":2,"minecraft:chicken_spawn_egg":1,"minecraft:grass_block":28,"minecraft:leather_helmet":1,"minecraft:lava_bucket":1,"minecraft:stone":19,"minecraft:oak_button":2,"minecraft:wooden_axe":1,"minecraft:leather_boots":1,"minecraft:leather_leggings":1,"minecraft:cow_spawn_egg":1,"minecraft:beef":3,"minecraft:white_stained_glass":1,"minecraft:written_book":22,"minecraft:oak_leaves":3,"minecraft:cauldron":1,"minecraft:redstone":1,"minecraft:egg":6},"minecraft:crafted":{"minecraft:leather_leggings":2,"minecraft:leather_boots":1,"minecraft:leather_helmet":1,"minecraft:written_book":1,"minecraft:leather_chestplate":1},"minecraft:picked_up":{"minecraft:repeater":40,"minecraft:leather":2,"minecraft:lead":1,"minecraft:ice":1,"minecraft:comparator":1,"minecraft:beef":3,"minecraft:written_book":19,"minecraft:redstone_torch":2,"minecraft:egg":7,"minecraft:stone":1,"minecraft:torch":4,"minecraft:gravel":1,"minecraft:lava_bucket":1,"minecraft:stone_button":1,"minecraft:soul_torch":10,"minecraft:grass_block":1,"minecraft:redstone":3,"minecraft:oak_button":2,"minecraft:cobblestone":67},"minecraft:custom":{"minecraft:interact_with_anvil":1,"minecraft:mob_kills":1,"minecraft:traded_with_villager":1,"minecraft:interact_with_crafting_table":3,"minecraft:play_one_minute":642601,"minecraft:leave_game":16,"minecraft:time_since_death":642601,"minecraft:climb_one_cm":718,"minecraft:time_since_rest":642601,"minecraft:sprint_one_cm":297674,"minecraft:walk_one_cm":206794,"minecraft:drop":88,"minecraft:damage_dealt":317,"minecraft:talked_to_villager":15,"minecraft:fly_one_cm":3880510,"minecraft:open_chest":12,"minecraft:crouch_one_cm":29115,"minecraft:sneak_time":22348,"minecraft:jump":3077,"minecraft:walk_on_water_one_cm":1953},"minecraft:used":{"minecraft:oak_fence":50,"minecraft:emerald_ore":3,"minecraft:water_bucket":1,"minecraft:netherite_sword":2,"minecraft:writable_book":1,"minecraft:cow_spawn_egg":2,"minecraft:iron_ore":1,"minecraft:redstone":88,"minecraft:oak_planks":9,"minecraft:oak_sign":2,"minecraft:chest":2,"minecraft:stone":753,"minecraft:cauldron":1,"minecraft:gold_ore":5,"minecraft:oak_leaves":38,"minecraft:torch":15,"minecraft:diamond_block":7,"minecraft:dirt":23,"minecraft:anvil":1,"minecraft:comparator":4,"minecraft:oak_slab":106,"minecraft:crafting_table":2,"minecraft:redstone_torch":43,"minecraft:glass":20,"minecraft:lava_bucket":1,"minecraft:coal_ore":3,"minecraft:command_block":15,"minecraft:iron_block":19,"minecraft:grass_block":293,"minecraft:oak_button":6,"minecraft:barrier":2,"minecraft:stone_button":1,"minecraft:diamond_ore":11,"minecraft:gravel":2,"minecraft:bedrock":50,"minecraft:coal_block":53,"minecraft:repeater":45,"minecraft:written_book":20,"minecraft:white_stained_glass":4,"minecraft:lapis_block":123,"minecraft:gold_block":24,"minecraft:repeating_command_block":5,"minecraft:soul_torch":34}},"DataVersion":2567}