{"stats":{"minecraft:dropped":{"minecraft:vine":2,"minecraft:brown_mushroom":1,"minecraft:wheat_seeds":1,"minecraft:tall_grass":4,"minecraft:cobblestone":64,"minecraft:lead":1,"minecraft:lantern":2,"minecraft:comparator":1,"minecraft:command_block":1,"minecraft:oak_sign":1,"minecraft:grass_block":9,"minecraft:red_mushroom":1,"minecraft:gold_block":1,"minecraft:stone":6,"minecraft:oak_button":2,"minecraft:torch":2,"minecraft:repeater":1,"minecraft:chain":1,"minecraft:wooden_sword":1,"minecraft:oak_leaves":3,"minecraft:written_book":13,"minecraft:redstone":8,"minecraft:egg":11},"minecraft:mined":{"minecraft:tall_grass":3},"minecraft:crafted":{"minecraft:written_book":4},"minecraft:picked_up":{"minecraft:leather_chestplate":3,"minecraft:feather":1,"minecraft:repeater":1,"minecraft:chicken":2,"minecraft:anvil":1,"minecraft:leather_leggings":2,"minecraft:leather":2,"minecraft:brown_mushroom":3,"minecraft:lead":2,"minecraft:red_mushroom":1,"minecraft:wooden_sword":2,"minecraft:name_tag":1,"minecraft:leather_boots":2,"minecraft:armor_stand":1,"minecraft:wheat_seeds":1,"minecraft:comparator":1,"minecraft:beef":4,"minecraft:player_head":5,"minecraft:redstone_torch":1,"minecraft:written_book":3,"minecraft:egg":37,"minecraft:stone":1,"minecraft:torch":6,"minecraft:soul_torch":1,"minecraft:grass_block":1,"minecraft:redstone":8,"minecraft:leather_helmet":2,"minecraft:command_block":1,"minecraft:lever":2,"minecraft:oak_button":4,"minecraft:cobblestone":18},"minecraft:killed":{"minecraft:chicken":4,"minecraft:cow":2},"minecraft:custom":{"minecraft:interact_with_anvil":5,"minecraft:mob_kills":7,"minecraft:traded_with_villager":4,"minecraft:fill_cauldron":1,"minecraft:play_one_minute":630310,"minecraft:leave_game":21,"minecraft:time_since_death":131398,"minecraft:climb_one_cm":4011,"minecraft:time_since_rest":131442,"minecraft:sprint_one_cm":464705,"minecraft:damage_taken":1283,"minecraft:walk_one_cm":337728,"minecraft:drop":75,"minecraft:damage_dealt":453,"minecraft:talked_to_villager":31,"minecraft:fly_one_cm":5257259,"minecraft:open_chest":48,"minecraft:crouch_one_cm":13993,"minecraft:deaths":11,"minecraft:sneak_time":21915,"minecraft:jump":4584,"minecraft:walk_on_water_one_cm":3579,"minecraft:fall_one_cm":896},"minecraft:used":{"minecraft:oak_fence":77,"minecraft:netherite_sword":4,"minecraft:emerald_ore":7,"minecraft:water_bucket":22,"minecraft:iron_ore":15,"minecraft:cow_spawn_egg":2,"minecraft:armor_stand":44,"minecraft:ladder":1,"minecraft:oak_sign":1,"minecraft:stone":1145,"minecraft:grass":8,"minecraft:gold_ore":17,"minecraft:player_head":2,"minecraft:oak_leaves":314,"minecraft:torch":152,"minecraft:anvil":2,"minecraft:vine":94,"minecraft:oak_slab":139,"minecraft:crafting_table":2,"minecraft:blast_furnace":1,"minecraft:campfire":2,"minecraft:oak_wood":57,"minecraft:obsidian":5,"minecraft:redstone_torch":6,"minecraft:oak_log":1,"minecraft:piston":18,"minecraft:lever":3,"minecraft:lava_bucket":2,"minecraft:coal_ore":19,"minecraft:command_block":5,"minecraft:lantern":3,"minecraft:grass_block":589,"minecraft:oak_button":5,"minecraft:lapis_ore":4,"minecraft:chicken_spawn_egg":2,"minecraft:stone_slab":11,"minecraft:spruce_trapdoor":20,"minecraft:diamond_ore":10,"minecraft:gravel":15,"minecraft:diamond_sword":4,"minecraft:cobblestone":3,"minecraft:warped_fungus":3,"minecraft:tall_grass":9,"minecraft:written_book":176,"minecraft:chain":17,"minecraft:gold_block":3,"minecraft:egg":1885,"minecraft:coarse_dirt":61,"minecraft:bone_meal":12,"minecraft:soul_torch":1}},"DataVersion":2567}