{"stats":{"minecraft:picked_up":{"minecraft:repeater":40,"minecraft:leather":2,"minecraft:lead":1,"minecraft:ice":1,"minecraft:wooden_sword":1,"minecraft:comparator":1,"minecraft:beef":3,"minecraft:redstone_torch":2,"minecraft:written_book":19,"minecraft:iron_pickaxe":1,"minecraft:egg":11,"minecraft:stone":1,"minecraft:torch":5,"minecraft:gravel":1,"minecraft:lava_bucket":1,"minecraft:stone_button":1,"minecraft:soul_torch":10,"minecraft:grass_block":1,"minecraft:redstone":3,"minecraft:oak_button":2,"minecraft:cobblestone":67},"minecraft:crafted":{"minecraft:leather_leggings":2,"minecraft:leather_boots":1,"minecraft:leather_helmet":1,"minecraft:written_book":1,"minecraft:leather_chestplate":1},"minecraft:custom":{"minecraft:interact_with_anvil":1,"minecraft:mob_kills":1,"minecraft:traded_with_villager":1,"minecraft:interact_with_crafting_table":3,"minecraft:play_one_minute":748847,"minecraft:leave_game":22,"minecraft:time_since_death":1172,"minecraft:climb_one_cm":2080,"minecraft:time_since_rest":1193,"minecraft:sprint_one_cm":327877,"minecraft:damage_taken":480,"minecraft:walk_one_cm":279280,"minecraft:drop":102,"minecraft:damage_dealt":317,"minecraft:talked_to_villager":15,"minecraft:fly_one_cm":4174331,"minecraft:open_chest":14,"minecraft:crouch_one_cm":50435,"minecraft:deaths":2,"minecraft:sneak_time":29435,"minecraft:jump":3540,"minecraft:walk_on_water_one_cm":1953},"minecraft:used":{"minecraft:oak_fence":50,"minecraft:emerald_ore":3,"minecraft:water_bucket":1,"minecraft:netherite_sword":2,"minecraft:writable_book":1,"minecraft:cow_spawn_egg":2,"minecraft:iron_ore":1,"minecraft:armor_stand":9,"minecraft:redstone":88,"minecraft:oak_planks":19,"minecraft:oak_sign":2,"minecraft:chest":2,"minecraft:stone":876,"minecraft:cauldron":1,"minecraft:gold_ore":5,"minecraft:oak_leaves":38,"minecraft:torch":17,"minecraft:diamond_block":32,"minecraft:dirt":23,"minecraft:anvil":1,"minecraft:comparator":4,"minecraft:oak_slab":106,"minecraft:crafting_table":2,"minecraft:nether_bricks":105,"minecraft:redstone_torch":43,"minecraft:glass":20,"minecraft:lava_bucket":1,"minecraft:coal_ore":3,"minecraft:command_block":21,"minecraft:iron_block":19,"minecraft:grass_block":460,"minecraft:barrier":2,"minecraft:oak_button":6,"minecraft:stone_button":1,"minecraft:stone_slab":3,"minecraft:diamond_ore":11,"minecraft:gravel":2,"minecraft:bedrock":50,"minecraft:coal_block":53,"minecraft:repeater":45,"minecraft:written_book":57,"minecraft:white_stained_glass":4,"minecraft:lapis_block":123,"minecraft:gold_block":24,"minecraft:egg":7,"minecraft:repeating_command_block":5,"minecraft:soul_torch":34},"minecraft:dropped":{"minecraft:water_bucket":1,"minecraft:gravel":2,"minecraft:player_head":1,"minecraft:coarse_dirt":1,"minecraft:netherite_sword":2,"minecraft:tall_grass":1,"minecraft:oak_fence":1,"minecraft:lead":1,"minecraft:oak_planks":1,"minecraft:leather":2,"minecraft:command_block":3,"minecraft:chicken_spawn_egg":1,"minecraft:nether_bricks":4,"minecraft:grass_block":33,"minecraft:leather_helmet":1,"minecraft:lava_bucket":1,"minecraft:stone":19,"minecraft:oak_button":2,"minecraft:wooden_axe":1,"minecraft:leather_boots":1,"minecraft:leather_leggings":1,"minecraft:cow_spawn_egg":1,"minecraft:beef":3,"minecraft:iron_pickaxe":1,"minecraft:white_stained_glass":1,"minecraft:written_book":22,"minecraft:oak_leaves":3,"minecraft:cauldron":1,"minecraft:redstone":1,"minecraft:egg":7}},"DataVersion":2567}